名称,详情页链接,评分,评论数,信息,图片链接,introduction,opening_hours
龟山汉墓,https://you.ctrip.com/sight/xuzhou230/17377.html,4.6,(3310),徐州市鼓楼区襄王北路3号,https://dimg04.c-ctrip.com/images/0104u120008k0mc4r35BE_C_220_140.jpg,龟山汉墓是龟山景区的主要景点之一，为西汉第六代楚襄王刘注的夫妻合葬墓，由人工开凿的两条墓道和十五间墓室组成，此墓工程浩大，气势雄伟，实为罕见。尤其是至今尚未揭开的四大谜团，吸引着海内外无数游人。龟山汉墓依山为陵，完全是掏空山体而建。南为楚王刘注墓，北为其夫人墓，有南北两条甬道，是打凿精度相当高的甬道。墓室十五间，由人工开凿而成，室室相通，主次分明；两甬道均由26块塞石分上下两层堵塞，每层13块，每块塞石重达6-7吨。奇异的是，两甬道无限延伸后交汇于当时的首都长安。,全年 08:30-17:00开放;全年 08:30-17:30开放
徐州博物馆,https://you.ctrip.com/sight/xuzhou230/17383.html,4.6,(1093),江苏省徐州市云龙区和平路118号,https://dimg04.c-ctrip.com/images/0100y12000i04x6du83BF_C_220_140.jpg,徐州博物馆位于云龙山北麓，原址为乾隆皇帝1757年南巡时的行宫旧址，博物馆的西南侧有西汉采石场遗址，东南侧有乾隆行宫及碑园，北侧为东汉的土山汉墓。其中博物馆是核心，都说“两汉文化看徐州”，而徐州各个汉墓出土的文物汇集于徐州博物馆，单说可以一次性看到金缕玉衣、银缕玉衣和铜缕玉衣，就已经能让文物爱好者欣喜若狂了。博物馆一楼的“金戈铁马”展厅陈列各种古代兵器；邓永清收藏书画馆里能看到八大山人（朱耷）、齐白石、徐悲鸿等诸多大家的墨宝。二楼的“天工汉玉”展厅值得一看，狮子山楚王陵出土的金缕玉衣便在这个展厅，是“镇馆之宝”。当然也有游客觉得它旁边的镶玉漆棺因为体形庞大更加令人震撼，玉棺同样出土于狮子山楚王陵。另外，银缕玉衣、铜缕玉衣也在这个展厅内。二楼的“汉室遗珍”内有一枚来自龟山汉墓的刘注龟钮银印颇具故事性，是从一个当地青年手中找回的，并由此判定龟山汉墓的墓主是刘注。三楼的“俑偶华采”展厅展出了从汉代到唐代的陶俑。汉俑造型抽象，北朝俑清秀端庄，隋唐俑雍容，其中驮蓝山楚王墓出土的乐舞俑引人注目，楚腰长袖，着实反应了汉代楚国的审美趣味。三楼的“史河流韵”展厅展出魏晋南北朝至清代的瓷器、铜器、金银器等；“清式家具”展厅展出精美的家具。博物馆东南侧的乾隆行宫不大，院子里有小桥、亭台、假山，比起江南园林的紧凑，看上去又疏朗些，这里介绍了乾隆与徐州的故事，立着几块石碑。博物馆西南侧的采石场遗址乍看之下像一块普通的绿化带，容易错过。由于保护不得当，遗址只存留部分，通过地上的玻璃地面，可以看到地下的采石遗址，有些遗址构建散落在绿地上，还有部分露天的采石所剩下的岩壁可看。博物馆北侧的土山汉墓是东汉彭城王的墓，可以下到墓坑中，后面的彭城王墓出土文物陈列馆里能看到墓中出土文物。,"01/01-05/30 周一 全天不开放;06/04-12/31 周一 全天不开放;01/01-05/30 周二-周日 09:00-17:00开放;06/04-12/31 周二-周日 09:00-17:00开放;清明节,劳动节,国庆节 09:00-20:00开放;05/31-06/01 09:00-20:00开放;06/02 09:00-18:00开放;06/03 全天不开放，5月31日（周六）-6月1日（周日）预约延长时段的观众可在当天16:45开始检票入馆
6月2日（周一）预约延长时段的观众可在当天16:00开始检票入馆"
徐州汉文化景区,https://you.ctrip.com/sight/xuzhou230/116632.html,4.5,(1424),江苏省徐州市云龙区兵马俑路1号,https://dimg04.c-ctrip.com/images/0105512000h4yxvhx0BBE_C_220_140.jpg,徐州汉文化景区距离徐州市区很近，其中汉兵马俑博物馆、水下兵马俑博物馆、汉画长廊、1995中国十大考古新发现之首狮子山楚王陵，被誉为“两汉三绝”，其他还有羊龟（鬼）山王后陵、刘氏宗祠、竹林寺等景点。在这里你可以一睹汉代楚王陵墓的内部构造，看楚王的地下部队兵马俑，探寻墓主神秘的身份之迷，如果你是汉代文化或《盗墓笔记》一类小说的粉丝，来这旅行更合适不过。景区有多个入口。东门进去是汉文化广场，有勺子形状的司南雕塑，两汉大事年表石刻，站立着的刘邦雕像等景点，再往里一点是王后陵。南门与西门间的兵马俑路上能看见楚王车马出行的雕塑，南门进去是狮子山楚王陵，陵前立着楚王骑着战马的雕像，西门进去是汉兵马俑博物馆。北门进去是竹林寺，但是北门附近没有公交到达。因为南门进去是最重要的景点，而且有多辆公交到达南门附近，所以一般从南门进景区开始参观。,全年 08:30-17:00开放;全年 08:30-17:30开放
徐州 · 许嵩《呼吸之野》巡回演唱会,https://you.ctrip.com/sight/xuzhou230/151580409.html,无评分,(暂无点评),新城区汉源大道和峨眉山路交叉口,https://dimg04.c-ctrip.com/images/0100y12000cf2qbb4F13D_C_220_140.png,当数万人的脉搏同时按下加速键 那些被生活折叠了的呼吸 将在巨大声浪中舒展成 一片可供赤足奔跑的原野   许嵩2025「呼吸之野」巡回演唱会   呼｜趣解生存谜题，喷薄哲思焰火  吸｜收纳悲欢种子，凝入情感琥珀 之｜构筑古今连廊，移步江湖夜雨  野｜摇晃青春盲盒，拆封年少赤诚     延续2024年22城巡演的澎湃感动，「呼吸之野」在春暖花开时，焕新出发，6月28日即将抵达徐州。     许嵩十九年音乐之旅，拥有八张词曲全创作专辑及众多深入人心的原创单曲，以强大的创作能量和独特的音乐魅力斩获各类音乐奖项，登上各大舞台，拥有海量忠实听众和上佳业界口碑。24年巡演里个人演唱曲目的词、曲、制作全部由许嵩一人包办，实力惊艳四座。「呼吸之野」目前已达成了23场体育场、90余万人次的盛大相聚，多城文旅联动打造「许嵩」与「城市」的魅力交汇，线下反响热烈，线上口碑优异，成为现象级巡演。     「呼吸之野」巡演是许嵩对自身音乐创作的全新梳理和呈现，也是对听者最真挚的回馈。许嵩携手顶尖演唱会制作团队，以每首作品的词曲内核为本，在舞台美术、视觉影像、音响效果等方方面面进行极致创意与尽心打磨，力求让每首作品的「视」与「听」之间达到完美契合。曲目编排方面，透彻展现许嵩「多面」、「多元」的创作风貌，对各个时期的作品进行了精心拣选和重新制作，有的曲目保留原汁原味的感动，有的曲目缔造耳目一新的惊艳。2025「呼吸之野」继续创新前行，以更精微的声光效果构建现场： ▸ 顶尖音响系统雕琢声场层次，资深音响团队倾力护航。 ▸ 动态视觉装置随歌曲生长，让不同的曲目绽放其独有的光影质地。 ▸ 多首曲目的舞美与编曲更新；亦有新曲目登场。     在想象与写实的互照里，在温柔与凛冽的交汇处，在俏皮与深刻的切换中，许嵩的音乐，记述着他的思考，也陪伴着我们的生活。 在「呼吸之野」，十九年的音乐长路凝练成一整晚的精彩纷呈。 在「呼吸之野」，耳机里的单曲循环演化成数万人的声浪共鸣。 这是一场演唱会，也是一篇你我共创的集体抒情诗。     带上你保存最久的歌词和旋律 来交换一整晚不设防的呼吸 当舞台的光束刺穿成年后的保护壳 你会突然认出—— 那个躲在MP3里 悄悄和世界较劲的少年,"06/28 周六 19:30-21:30开放，演出开始时间 19:30 ,具体演出时长以现场为准"
云龙湖旅游景区,https://you.ctrip.com/sight/xuzhou230/17385.html,4.7,(2000),江苏省徐州市泉山区湖中路,https://dimg04.c-ctrip.com/images/0103512000j1neuj00A3C_C_220_140.jpg,"云龙湖地处市区中心，湖东有云龙山，湖南有珠山，湖西有小长山和卧牛山。景区内湖波浩渺，山色叠翠，古往今来，吸引了众多游子。北宋文学家苏轼任徐州知府时即情钟此湖。如今的云龙湖，东湖游览区以水上活动和参观游览主为，西湖游览区以疗养度假为主，湖南则主要以娱乐及宾馆为主。另有儿童水上乐园、沙滩浴场、万人游泳场等。小南湖景区：小南湖景区内有一池二岛、三轩五园，整个景区水面精巧、环湖布景，以“江南园林”特色的会馆艺苑、水乡人家、小桥流水、名苑流香、荷塘鱼藕为主体景观，形成“静湖幽园”的中国古典人文及自然景观特色。水上世界：坐落在云龙湖湖心岛上，由水族馆、海洋剧场、海洋珍奇标本馆、4D动感电影组成。水族馆七个主题展区展示了来自世界各地的200多种10000余条珍贵鱼种，置身其中仿佛潜入一个扑朔迷离的水中世界。滨湖公园：坐落在云龙湖北岸，东接云龙山，西连韩山，南依云龙湖，北靠滨湖绿地，是一座带状生态园林公园，内有万人游泳场。滨湖新天地：位于云龙湖北大堤，由市民广场、步行街和艺术馆组成，是集休闲、娱乐、餐饮、购物等功能于一体的现代都市滨湖生态休闲文化场所。南湖水街：原名南湖别院，位于小南湖景区内的半岛上，北临风光秀丽的云龙湖，东望蜿蜒起伏的云龙山，古朴典雅的白墙黛瓦与碧水环绕的自然景观相依相映，景色雅致。主要建设内容分为两部分，一部分是商务会所，另一部分是企业会所,是融文化性、娱乐性、观赏性于一体的度假、餐饮、休闲娱乐消费街区。",全年 全天开放，游船：9:00-18:00
徐州方特乐园,https://you.ctrip.com/sight/xuzhou230/136623811.html,4.9,(1134),江苏省徐州市铜山区张集镇方特大道1号,https://dimg04.c-ctrip.com/images/1lo1f12000bii022lBDB3_C_220_140.jpg,徐州方特乐园是华强方特集团结合中华传统文化中的神话传说、民间故事以及徐州地方特色文化，综合运用行业前沿技术精心打造的一座大型文化高科技主题乐园。乐园包含8个方特呈现的室内大型高科技主题项目和30个项室外游乐项目，并综合运用球幕飞行影院、幻影成像、4D动感等领先科技，以参与、体验、互动的方式，打造了展示华夏文化魅力的方特经典项目《飞翔》《成语童话》，根据徐州地方特色文化创作的全新项目《大风歌》，取材自经典神话的《龙宫奇遇》，以及根据国民级动漫IP“熊出没”打造的《熊出没剧场》《熊熊历险》，更有惊险刺激的《冲上云霄》《星河穿越》《龙谷漂流》等十多个特色主题项目。 乐园还拥有200多项特色休闲景观、主题商店、特色餐厅，可提供 “吃、喝、游、购、娱”的一站式服务，充分满足各年龄层游客的需求，是合家出游的欢乐场所。,06/03-06/27 09:30-17:30开放;06/28-08/31 09:30-21:00开放
徐州乐园欢乐世界,https://you.ctrip.com/sight/xuzhou230/5705906.html,4.6,(1584),江苏省徐州市泉山区金山街道玉带大道9号,https://dimg04.c-ctrip.com/images/1lo2u12000fsf0560B517_C_220_140.jpg,徐州乐园欢乐世界（包含糖果世界）位于徐州市风景秀丽的云龙湖畔，占地32万平方米，采用国际知名理念和技术精心打造覆盖全年龄段的陆上主题公园。园区由代表智慧的英吉斯城邦、代表勇气的哈卡拉草原、代表勤劳的金矿镇、代表正义的法兰西城堡和糖果世界等六大主题区域组成，欢乐世界包含征战者过山车、草原飓风、疯狂巴士、飞行影院、天空之塔等22项游乐设备和主题演艺、花车巡游、配套主题餐饮娱乐等多个游玩项目。糖果世界是大型的室内亲子主题乐园，拥有全新的童乐设施，集教育、安全、欢乐、亲子互动于一体。城堡区、果蔬区、黑暗区、花园区和森林区五大主题区域，为全家人带来从未有过的甜蜜体验。这里是孩子们的梦幻王国，是家庭亲子互动的快乐城堡。在这里，孩子们与父母一起创造、互动、分享成长的快乐，留下甜蜜的回忆。“旅游观光巴士”、“旅游公交专线”免费乘坐：始发站和终点站均为徐州乐园，双休日发车。“旅游观光巴士”停靠云龙湖周边景点，全程13站，从8时到18时，每间隔1小时发车，双向对开；“旅游公交专线”串联起区内主要景区景点，全程21站，全天两班，9时和14时发车，双向对开。,05/06-05/30 周一-周五 10:00-21:00开放;05/06-05/30 周六-周日 09:30-21:00开放;05/31-06/02 09:00-22:00开放;06/03-06/20 10:00-18:00开放;06/21-08/31 09:00-22:00开放，夜场票15:00-21:00。6.3-6.20无夜场。
徐州欧乐堡海洋极地世界,https://you.ctrip.com/sight/xuzhou230/135313202.html,4.6,(836),江苏省徐州市鼓楼区九里山东路79号,https://dimg04.c-ctrip.com/images/0101v120009z4k8qq650C_C_220_140.jpg,徐州欧乐堡海洋极地世界是八仙过海旅游集团投资10亿元倾心打造的一座游览面积达到10万平方米，以海洋科普为主题，集文化展示、旅游观光、休闲娱乐、情景体验于一体的海洋科普馆。徐州欧乐堡海洋极地世界拥有北极熊、白鲸、海象、企鹅、海豚、海狮、海豹等世界各地近千种的珍稀海洋动物，4000多种海水淡水鱼类，海龟、玳瑁等各种珍贵罕见的海洋生物，拥有热带雨林、亚马逊探秘、鲨鱼湾、深海精灵、深海沉船、海底隧道、极地世界、水下剧场、海洋剧场等多个主题场馆，四大海洋主题时尚餐厅等等。在这里可以近距离观赏到各种海洋生物，可以欣赏到国内首创的美仑美奂的水下舞台剧、海洋动物行为展示等三大表演，并可以品尝到世界各地特色美食，同时可以丰富自己的海洋知识。徐州欧乐堡海洋极地世界是徐州及苏鲁豫皖四省宾客休闲观光科普研学之地。,"12/31 09:30-17:30开放，开园舞：09:25（海洋接待大厅）
人鱼奇缘：10:30,12:30,14:30,16:30（水下剧场）
海洋大联欢：11:30,15:30（海洋剧场）"
徐州云龙山索道,https://you.ctrip.com/sight/xuzhou230/70309.html,4.6,(198),徐州市泉山区云龙山索滑道,https://dimg04.c-ctrip.com/images/0101012000f6t5p2196EE_C_220_140.jpg,徐州市云龙山索道位于风景优美、风光旖旎的云龙湖畔，穿越逶迤九节的云龙山脉，整个索道全长1200米，垂直高度88米，设立十四个支架，三个站房，西站站房与果树盆艺园为邻，中站站房与观景台相系，东站站房与南郊彭祖园相对，运行速度1m/秒，大单向运输量450/小时，吊篮式吊篮数量90个，为单线循环吊篮式，云龙山索道的特点是将整个南郊风景区连成一体。,05/01-10/08 08:30-18:00开放;10/09-04/30 08:30-17:00开放
彭城风华,https://you.ctrip.com/sight/xuzhou230/136471946.html,4.8,(331),泉山区湖南路与环湖东路交叉口北60米,https://dimg04.c-ctrip.com/images/1lo0i12000baosdj3B26E_C_220_140.jpg,彭城有戏，风华共鉴。游客以水为媒、以岛为台、以船为席，观赏大型湖岛实景演出《彭城风华》。演出颠覆了传统的大剧场、大场面、大投资，演员人海战术等旅游演艺模式，满载乘客的游船从彭城风华游客中心码头出发，途经8个节点，全程3.3公里的航线。70分钟的行程中，以云龙山水为实景，将声、光、电、水、火等先进的科技手段和演员的真实表演相融合，打造了一幅苏轼在徐州任知州两年的繁华彭城盛景，一段苏轼与徐州的不解情缘，通过苏轼的视角从另一个角度解读徐州，在光影变幻与时空穿越中精彩呈现，进行一场水上行浸式夜游新体验,"06/02-06/22 周一-周四, 周日 18:20-20:40开放;06/24-06/30 周一-周四, 周日 18:20-20:40开放;06/02-06/22 周五-周六 18:20-22:20开放;06/24-06/30 周五-周六 18:20-22:20开放;07/01-07/06 18:20-22:20开放;07/08-07/20 18:20-22:20开放;07/22-07/31 18:20-22:20开放;06/23 全天不开放;07/07 全天不开放;07/21 全天不开放，6月30日、7月7日、7月21日为休演日期；最晚入场时间请以所选场次为准，具体场次开放请关注官方公告；演出需登船观演，迟到将无法入场，建议您在对应演出场次开始前40分钟进入码头区域。"
徐州乐园度假区,https://you.ctrip.com/sight/xuzhou230/20355.html,4.6,(1614),江苏省徐州市云龙湖风景区玉带大道9号,https://dimg04.c-ctrip.com/images/0103a1200095d4zm69AA8_C_220_140.jpg,徐州乐园度假区位于云龙湖风景区内玉带河西侧，由“加勒比水世界、糖果世界、欢乐世界”3个主题乐园和1个度假酒店及相关附属商业街区构成，集旅游、住宿、餐饮、商业于一体。园内设有不同的主题区域，游客可以体验瞬间在高空中上下弹射的惊险刺激之旅，欣赏还原楚汉文化的全动感影片。也可以参与惊险刺激的水上项目，在现实与远古的氛围中感受到大海般的宽广神秘，在极限动感与静逸休闲中尽享夏日激情水狂欢。,06/03-06/20 10:00-18:00开放;06/21-08/31 09:00-22:00开放，夜场15:00后入园。6.3-6.22无夜场
徐州九顶山野生动物园,https://you.ctrip.com/sight/suining3082/133839226.html,4.3,(791),徐州市睢宁县岚山镇观岚路88-1号,https://dimg04.c-ctrip.com/images/0103312000a3416jq757F_C_220_140.jpg,徐州九顶山野生动物园位于淮海经济区中心城市--徐州。景区地理位置优越，距徐明高速双沟东出口仅8.6公里，距观音机场30分钟车程。 占地3400亩，计划展出世界各地濒危珍稀野生动物300种类，近两万头（只）。作为淮海经济区内重要的动物主题文旅项目，徐州九顶山野生动物园依托丰富的山水资源规划建设，打造出集野生动物观赏、国际马戏演艺、亲子游乐互动、主题酒店体验、休闲观光度假、科普研学教育为一体的沉浸式综合度假区。园区分为三大主题区：车行区、步行区和船行区。车行区以大规模野生动物放养和非洲主题树屋为特色，游客不仅可以自驾与动物零距离互动，还能留宿与长颈鹿成为邻居。步行区以动物展馆为重点，八大区域：亲子乐园、欢乐世界、奇幻丛林、山谷奇境、国宝家园、树梢王国、非洲印象和精灵王国。在这里不仅有东北虎、亚洲象、长颈鹿、金丝猴和斑马等珍稀动物，还有国际大马戏等精彩剧场演出。船行区以船越侏罗纪探秘为亮点，穿行于雨林觅踪、密西西秘林、列岛奇缘和奇洞掠影，沿途观看大羚羊、美洲红鹮、丹顶鹤、火烈鸟等动物。,01/01-12/31 09:00-17:00开放
户部山,https://you.ctrip.com/sight/xuzhou230/116633.html,4.6,(169),江苏省徐州市云龙区彭城街道崔家巷2号,https://dimg04.c-ctrip.com/images/100r1f000001goolw2E33_C_220_140.jpg,户部山位于徐州古城之南又称南山。公元前206年，西楚霸王项羽定都彭城，曾在山顶建戏马台，而成为徐州的第一胜迹。---千古繁华地，徐州不夜城  历史上曾有“穷北关，富南关，有钱都住户部山”的俗语。,全年 09:00-17:00开放
戏马台,https://you.ctrip.com/sight/xuzhou230/17388.html,4.6,(554),江苏省徐州市云龙区户部山项王路1号,https://dimg04.c-ctrip.com/images/0104l120009hef308CD5A_C_220_140.jpg,戏马台是徐州现存早的古迹之一。公元前206年，盖世英雄项羽灭秦后，自立为西楚霸王，定都彭城，于城南里许的南山上，构筑崇台以观戏马，故名戏马台。戏马台依山岗地形，逐步上递，错落有致。历代在台上营建了不少建筑物，诸如台头寺、三义庙、名宦祠、聚硅书院、耸翠山房、碑亭记等。戏马台北侧有曲廊、追胜轩、集萃亭和系马桩、鸟骓槽等景点。曲廊内嵌有历代文人雅士吟咏戏马台的诗词石刻50余通。戏马堂是主殿，堂周环以回廊，24根丹柱绕堂排立，四壁为雕花窗棂。堂中屏风为“秋风戏马”图；反映当年项羽在虞姬陪侍下，观看士卒驰马操练的场景。东配殿的壁画，由144块大小不等的正方形和长方形砖坯雕刻烧制而成，长9米，高2米。项庄舞剑画面，描述了当年鸿门宴的紧张气氛。西配殿为一大型壁画，勾勒了兵败垓下后霸王诀别爱姬的离愁场景。由于戏马台地势较高，登台四眺，古城尽入眼帘，所以也是徐州市区观景的好地方。,全年 09:00-17:00开放
督公山漂流,https://you.ctrip.com/sight/xuzhou230/1411446.html,4.7,(192),徐州市贾汪区东约5公里督公湖风景区内,https://dimg04.c-ctrip.com/images/0105p12000f6pxobgA064_C_220_140.jpg,督公山漂流位于江苏省徐州市贾汪区督公湖风景区内，依托风景秀丽的督公湖及督公山山林河道等资源，经国内河道专家设计修建而成。漂流全长4公里，A段河道从督公山上腰树林中盘旋而下，落差29米，曲折回环，惊险剌激，尖叫不断；B段河道穿越于奇石遍布的天然河谷中，险滩处跌宕起伏，多个水仗区让您尽情嬉水，享受欢乐激情；C段河道漂流船游弋于丛林绿树和平湖中，满目青翠，环境优雅、带给您舒缓惬意的休闲体验。督公山漂流水源充沛，配套漂流船800余条，保障天天漂！漂流上下站服务中心各项服务设施齐全。督公山漂流与督公湖、游乐园、大洞山、潘安湖等组成激情漂流、旅游观光、休闲度假于一体的佳旅游目的地。督公湖景区“三滑一漂”是我区重要的旅游项目，自部分项目运营以来，吸引了众多游客来贾游玩。其中，漂流项目是我区2014年重点旅游项目之一，漂流河道总长4公里，落差70余米，被称为“高山第一漂”，也是淮海经济区第一家漂流项目。徐州市贾汪区督公湖漂流是日前淮海经济区第一个漂流地，揉和多种漂流的特点，让你全方位体验各种漂流的刺激和欢乐，督公湖漂流具有惊、险、奇三大特点：惊“由于落差大，你乘坐的皮划艇高速滑行犹如浪尖上的过山车，飞旋在波峰波谷之间，尖叫之声伴你一路，为寂静的山野带来无限生机。险：一路漂下险象环生，跌宕起伏，连绵不断，环环相扣，动人心魄。奇：由于河道位于山谷之中，漂流水源来自督公湖水与山泉汇集而成，水质清冽；河岩奇石怪岩星罗棋布，千姿百态，自然天成，浑然一体。,05/31-08/31 13:00-15:00开放
督公湖风景区,https://you.ctrip.com/sight/xuzhou230/1830385.html,4.1,(17),徐州市贾汪区贾汴路,https://dimg04.c-ctrip.com/images/10030r000000heh907733_C_220_140.jpg,督公湖在国家4A级督公湖风景区，这里景色迷人，春天桃花盛开，夏天碧波荡漾，秋天气爽迷人，冬天恬谧安静，是休闲度假的好去处。该湖初建在1958年，原是柴沃水库，在2005年全面整治，增加库容，成为了山区水源示范工程,全年 全天开放
云龙山,https://you.ctrip.com/sight/xuzhou230/17384.html,4.7,(400),江苏省徐州市泉山区湖东路,https://dimg04.c-ctrip.com/images/0104h12000f6qvfkl3815_C_220_140.jpg,云龙山山形蜿蜒如龙，因山上常有云雾缭绕而得名。云龙山虽然海拔只有142米，但文物古迹众多，历来是苏北的名胜。宋苏东坡在徐为太守时，常登山览胜，醉卧山石。他写并书《放鹤亭记》碑文现存山中。从北魏至近代，山上留有北魏时代的大石佛，唐宋摩崖石刻，宋代的放鹤亭、招鹤亭、饮鹤泉、张山人旧居；明代的兴化禅寺、清代的大士岩、山西会馆、船厅、御碑亭、碑廊等历史文物古迹。现在又修复和新建了幽邃轩、洞天小庐、跨云阁、云龙书院、杏花村、观景台、同心台等一大批历史景点。,全年 全天开放
宝莲寺,https://you.ctrip.com/sight/xuzhou230/136003800.html,4.9,(18),金山桥经济开发区宝莲寺路5号,https://dimg04.c-ctrip.com/images/01A1412000aa80lry244F_C_220_140.jpg,宝莲寺坐落在江苏徐州的云龙山上，是一座充满历史和文化气息的佛教寺庙。寺庙周围环境幽静，适合游客在此放松身心。建筑风格古朴，殿堂内供奉的佛像和精美的雕刻艺术吸引了众多信徒和游客。大雄宝殿内的壁画和雕塑展示了丰富的历史文化，值得细细品味。从寺庙的高处，游客可以欣赏到徐州市区和周边自然景观的全景，尤其在清晨或傍晚，景色格外动人。寺庙附近的步道为徒步旅行者提供了探索的机会。参观时保持安静，尊重当地的宗教习俗，是游客应注意的礼仪。宝莲寺不仅是一个宗教圣地，也是一个让人放松和欣赏自然美景的理想场所，非常适合家庭游客和文化爱好者前来体验。,全年 07:00-17:00开放
窑湾古镇,https://you.ctrip.com/sight/xinyi1064/142546.html,4.3,(961),江苏省徐州市新沂市窑湾镇窑炮线与合窑线交汇处,https://dimg04.c-ctrip.com/images/100t1f000001gqd09BE60_C_220_140.jpg,窑湾古镇国家4A级旅游景区，位于新沂市西南边缘，京杭大运河及骆马湖交汇处，与宿迁、睢宁、邳州三市县相连，是一座具有千年历史、闻名全国的水乡古镇。素有“东望于海，西顾彭城，南瞰淮泗，北瞻泰岱”之描述和“黄金水道金三角”、“苏北水域胜江南”之美誉及“小上海”之称。窑湾集古镇景观、水泊景观、名胜古迹、神话仙境于一体，具有很高的观赏、游览和历史研究价值。千年古镇窑湾历史文化悠久而灿烂。据典籍记载，这里，东周时属钟吾国辖地。秦汉时，作为军需品烧窑处。唐时，位于邳州、海州交界处，因周边窑多，故称窑湾。千年运河百道湾，黄金分割在窑湾；千年古槐，见证了古镇窑湾的兴衰；后院酱缸，雕琢着岁月久远的痕迹；老式建筑，散发出浓厚的文化气息。她像苏南的周庄有湖有水，水网相连；她又像山西的平遥，有着古老的街巷，文化相袭数千年。窑湾古镇人文历史景观厚重。古镇始建于唐朝初期，随着明清漕运和盐业的兴盛，昔日店铺栉比，商贾云集，街上行人如织，水上舟楫连绵。古镇中，城门、楼、店、院、宫、寺、庙、殿，自宋至清，代有营建。古老的街巷、宅院、会馆、作坊、商行、货栈、典当、码头等古镇昔日风貌仍基本犹存。,全年 09:00-21:30开放
狮子山楚王陵,https://you.ctrip.com/sight/xuzhou230/17378.html,4.5,(629),江苏省徐州市云龙区兵马俑路1号汉文化风景区,https://dimg04.c-ctrip.com/images/0102212000fjan8caC2BE_C_220_140.jpg,狮子山楚王陵位于徐州市区以东4公里处，是汉文化景区内精华的景点。海拔54.3米的狮子山几乎被掏空，陵墓的宏伟气势可见一斑，而种种蛛丝马迹又显示出该墓尚未完工，墓主人的身份有点神秘，有可能是西汉第三代楚王刘戊（尚有争议），参与“七国之乱”兵败后，为了避免牵连家族被迫自尽，匆匆下葬。如果你是汉文化迷或“盗墓”迷，不妨来此一探究竟。从汉文化景区的南门进去，便是狮子山楚王陵，陵前立着楚王骑着战马的雕像。陵墓南北走向，进入墓中先看到的是位于南部的外墓道，长27.6米，比起后面的墓道稍微开阔一些，沿着台阶不停向下，到两侧墙壁陡然变窄形成“一线天”的地方，就是中墓道了。中墓道长20.3米，东侧有一座侍奉楚王饮食的近臣陪葬墓。继续向北，是内墓道，长19.3米，上方天井通向山顶，当年工匠就是从天井挖进来修造楚王陵的。内墓道两侧共有3间耳室，东边的耳室是庖厨间，有两扇门，是所有墓室中大的一间，可以看到里面放置着古代厨具仿制品；西边靠南的耳室是贮藏礼器和兵器的御府库，出土过精美的金带扣；西边靠北的耳室是放沐浴器具的御府库。再往前，能看见主墓门，为了防止盗墓，当年用16块塞石封住，之前的三间耳室虽然幸免，可是主墓门后的其余墓室还是被盗了，据推测是王莽篡位时（公元8年左右）的一场大规模官盗。主墓门后是通往主墓室的甬道，长33.8米，两侧共有6间侧室，分别是钱库，放日常用具的御府库，放楚王国官印、金器的御府印库，嫔妃的陪葬墓室等。甬道尽头便是前堂，即主墓室，东侧原先摆放十分罕见的镶玉棺椁，挖掘楚王陵时主墓室出土过金缕玉衣，用4000多片上好的和田玉片制成，可惜金丝已被盗墓贼抽走。当然现在在墓室里看到的棺椁、金缕玉衣都是仿制品。后到达北端的后室，一定要注意一下这里粗糙的开凿痕迹，是陵墓还没完工的有力证明。后室中央立着根据楚王遗骨恢复出来的楚王雕像，两侧放置在此出土的编钟和编磬的仿制品，据推测这里可能是乐舞厅。游完狮子山楚王陵后，你还可以去看看汉文化景区内的汉兵马俑博物馆、水下兵马俑博物馆、汉画长廊，和楚王陵合为“两汉三绝”。因为狮子山楚王陵里的文物都是仿制品，觉得不过瘾，可以去徐州博物馆，不少墓中真迹在那能看到。,4/1-10/31 08:30-17:00开放;11/1-3/31 08:30-16:30开放
徐州乐园加勒比水世界,https://you.ctrip.com/sight/xuzhou230/116582.html,4.5,(1878),徐州市泉山区云龙湖风景区玉带大道9号,https://dimg04.c-ctrip.com/images/0100n120008thsoihE0DD_C_220_140.jpg,徐州乐园加勒比水世界融入神秘的加勒比主题，汇聚知名水上游乐设施，由加勒比海湾区、动感水世界区、温泉SPA区和综合休闲区四大戏水区域组成，是夏季玩水圣地。水世界中有游乐设施十余个，如翻江倒海的加勒比旋风滑梯、高达20米令人心跳不止 的“巴博萨风暴”滑道、体验高速离心旋转的鲸鱼油灯塔滑梯、浪潮汹涌的加勒比海浪池、穿越奇幻与未知的漂流河、享受梦幻惬意的避风湾SPA区和温泉区等，无不让游客在现实与远古亦真亦幻的交织中领略大海般的宽广神秘，感受视、听、触、味全方位立体震撼，在极限动感与静逸休闲中尽享夏日水上狂欢。,06/03-06/20 10:00-18:00开放;06/21-08/31 09:00-22:00开放;05/31-06/02 09:00-19:00开放，夜场票入园时间为15点后。6.3-6.20无夜场。
徐州大景山滑雪场,https://you.ctrip.com/sight/xuzhou230/1508650.html,4.2,(472),江苏省徐州市贾汪区山水大道26号,https://dimg04.c-ctrip.com/images/0102i120008e3iyr5E5EF_C_220_140.jpg,徐州贾汪大景山滑雪场坐落于贾汪山水大道中段右侧，目前是徐州地区规模较大、设施较先进、雪道种类相对齐全的滑雪度假区。滑雪场内设置高、中、初级雪道等设施，以满足不同年龄层次和不同水平的游客，雪道总长1000米，造雪覆盖量相当之大，滑雪季日均接待能力高达6000人次以上，奠定了徐州滑雪场地位。玩法攻略滑雪需注意安全，场地开阔，可以开发各种玩法。如果不是很会滑雪，景区内有教练，可以提供教授服务，教得很细致，包教包会，会了以后你一定会爱上滑雪的。山上的雪厚重结实，需要穿上专业的滑雪工具，否则鞋子可能湿透，雪鞋较为厚重，不过具有很好的保护作用。景区内有别墅住宿，如果条件允许，可以在景区内住一晚，这样可以看见一天中每个时间的雪景，也可以玩个够。景区大厅有售小吃和西餐，食堂也提供点餐服务，如果对饮食要求较为挑剔，可以自带餐食。,01/20-01/27 08:30-20:30开放;01/28 08:30-17:00开放;01/29-02/09 08:30-20:30开放;02/10-02/23 08:30-17:00开放
徐州海底世界,https://you.ctrip.com/sight/xuzhou230/2510943.html,4.1,(353),徐州市泉山区解放南路26-8号三胞国际广场B1,https://dimg04.c-ctrip.com/images/01025120008cp7d5yC517_C_220_140.jpg,徐州海底世界是一座科普教育体验式现代化海洋馆，位于三胞国际广场，场馆面积7000平方米，储水量3800吨。馆内展示有极地动物白鲸、海底隧道、鲨鱼、海洋生物宴会厅、企鹅、海洋SPA、多媒体互动、海底婚纱摄影等。我们将会把海洋科普知识生动传递给每一位热爱海洋的人们，带给人们一场神秘而美妙的海底艺术盛会。,"全年 10:00-18:00开放，演出时刻：
11:00   海狮表演
11:30   人鲨共舞
12:00   美人鱼表演
14:00   海狮表演
15:00   大洋池喂食秀
16:00   美人鱼表演
17:00   海狮表演"
徐州市回龙窝历史文化街区,https://you.ctrip.com/sight/xuzhou230/5686355.html,4.7,(34),江苏省徐州市云龙区解放路8号,https://dimg04.c-ctrip.com/images/0105u120009cdkogg2498_C_220_140.jpg,徐州市回龙窝历史文化街区是一个仿古建筑的老街，有许多小吃，商业氛围较浓。,全年 全天开放
马陵山风景名胜区,https://you.ctrip.com/sight/xinyi1064/109919.html,4.5,(364),江苏省徐州市新沂市马陵山镇G235西600米,https://dimg04.c-ctrip.com/images/100r1f000001gor5d2D01_C_220_140.jpg,马陵山是一条绵延几十公里的低山丘陵，战国时齐国孙膑战胜魏国庞涓的马陵之战发生在临沂市郯城县的马陵山（北马陵），此处所指的马陵山（南马陵）位于新沂市南郊，清乾隆帝下江南时曾路经这里。新沂的马陵山为丹霞地貌，带来了淡红色的山体和许多岩洞，拥有大片竹林，丘陵与湖泊错落，湖上有需付费的游船坐，风景秀丽，适合周末休闲、爬山。马陵山不高，要爬几个小山头，和乾隆相关的遗迹散布在山道边。景区里多岔路，每个岔路口都有指示牌。进入景区东边的山门，在第一江山刻石前遇岔路，往右手（北边）走可以到达藏兵洞，往左手（南边）走可以到达三仙洞、三仙湖。右（北）行，沿古马陵道的台阶而上，经过泉朝律院遗址、山隐寺，在山隐寺前又遇岔路，建议走藏兵洞方向，这是马陵山好玩的地方。藏兵洞全长1.2公里，高5米，是20世纪“深挖洞广积粮”时建造的，里面黑漆漆的，大洞中又套着好几个小洞，颇有点探险的感觉，即使夏日这里也很凉爽。接着南行，去三仙洞，三仙洞是天然石洞，宿北大战时指挥部设在洞内，三仙洞旁又有七真岩洞。然后过三仙桥，赏三仙湖湖景，湖水碧绿，青翠的小山倒映在湖里。从三仙湖边的山路可以到达宿北大战纪念碑。如果体力好，可以再爬去老虎窝看看，是一块丹霞岩壁。如果不爱爬山，那么在三仙湖畔，树木与竹林的环抱中有茶社，喝喝茶也是很惬意的。,全年 09:00-17:00开放;全年 09:00-17:30开放
大景山漂流,https://you.ctrip.com/sight/xuzhou230/1702241.html,4.1,(67),江苏省徐州市贾汪区山水大道东26号,https://dimg04.c-ctrip.com/images/100u0v000000jp2s01824_C_220_140.jpg,徐州贾汪大景山漂流位于贾汪区美丽的督公湖西畔，山水大道东段山水度假村园内，是山水度假村重金打造的二期项目，聘请广东著名河道设计专家设计施工，华东首条松林峡谷奇幻漂。大景山漂流河道全长3.1公里，全程落差96米，设置特色体验达34处，真正让您一路奔跑一路尖叫一路欢笑。今夏玩水，大景山漂流非去不可，让您一次嗨个够爽到爆！,05/24-05/30 周六-周日 13:00-15:00开放;06/14-08/31 13:00-15:00开放;06/03-06/13 周六-周日 13:00-15:00开放;05/24-06/13 周一-周五 全天不开放;端午节 13:00-15:00开放
大景山景区,https://you.ctrip.com/sight/xuzhou230/2040268.html,5,(1),江苏省徐州市贾汪区山水大道东26号(督公湖景区西1公里),https://dimg04.c-ctrip.com/images/0104l1200097n145q6112_C_220_140.png,大景山景区景色迷人，春天桃花盛开，夏天碧波荡漾，秋天气爽迷人，冬天恬谧安静，是休闲度假的好去处。整个景区的绿化面积达10多万平方米，置身大景山脚下，青山倒映，鸥鹭翻飞，原生态林木茂密，是徐州市民近郊旅游优选目的地旅游景区。,全年 08:30-17:00开放
淮海战役纪念馆,https://you.ctrip.com/sight/xuzhou230/17386.html,无评分,(269),江苏省徐州市泉山区解放南路2号淮海战役烈士纪念塔园林内,https://dimg04.c-ctrip.com/images/0106w12000ks4e4t8A877_C_220_140.jpg,淮海战役纪念馆位于徐州市南郊淮海战役烈士纪念塔园林内，此处的纪念馆指的是新馆，园林中另有老馆。新馆内的陈列分前厅、序言厅、战役厅、支前厅、烈士厅、后厅六部分，共展出珍贵文物、历史照片以及油画、国画、雕塑等2200余件，包括《关于淮海战役作战方针》的电报手稿，淮海战役总前委指挥作战用的电台，86名烈士的遗像，遗物等。展览文物丰富，重点突出，布局合理，设备先进。,全年 周二-周日 09:00-17:30开放;全年 周一 全天不开放;端午节 09:00-18:30开放
淮海战役烈士纪念塔,https://you.ctrip.com/sight/xuzhou230/1510593.html,无评分,(暂无点评),江苏省徐州市泉山区解放南路2号,https://dimg04.c-ctrip.com/images/0101l12000f6qcbm98532_C_220_140.jpg,淮海战役烈士纪念塔位于江苏省徐州市南郊凤凰山麓，隶属泉山区奎山街道，1959年4月4日筹建，于1965年11月6日正式建成开放。淮海战役烈士纪念塔坐落在葱郁林木和200多个花坛间，塔高38.15米，面东朝阳，巍然屹立。纪念塔塔体由回廊、角亭环抱。塔座正面，镌刻碑文。塔座两侧为大型浮雕，右侧是军人一往无前的英雄形象，左侧是人民奋勇直前的豪迈雄姿。塔南、西、北设146米长廊，廊画上刻有淮海战役中牺牲的31006名战士的英名，镶嵌着反映淮海战役的大型陶瓷壁画。塔前，有宽敞的平台和长250米、宽31米的129级台阶。,全年 周二-周日 09:00-17:00开放;全年 周一 全天不开放，具体营业状态以当天开放情况为准
徐州园博园,https://you.ctrip.com/sight/xuzhou230/135927956.html,4.4,(163),江苏省徐州市铜山区吕梁互通连接线徐州园博园1号门,https://dimg04.c-ctrip.com/images/0101g12000a5ctcj22169_C_220_140.jpg,园博园的十大场馆建筑群，以及十大国际展园，总建筑面积约9.58万㎡，由6名院士4位大师聚智打造。,全年 09:30-17:00开放，具体营业状态以当天开放情况为准
徐州圣旨博物馆,https://you.ctrip.com/sight/xuzhou230/133846.html,4.6,(87),鼓楼区襄王北路3号,https://dimg04.c-ctrip.com/images/0106712000ifxr61812A5_C_220_140.jpg,徐州圣旨博物馆位于龟山景区内，分“奉天承运”、“中国科举”和“其藏也周”三大部分。“奉天承运”陈列圣旨、圣旨匾、装圣旨的盒子，在馆藏20余道诰命圣旨中，其中一件堪称孤品的圣旨跨越两代君王，是道光，咸丰二帝封爵奉恩将军奎定及其子玉纲世袭的，圣旨的底色为彩色，周边围绕着一条条翔龙，非常精美。“中国科举”陈列科举试卷、作弊用的小抄，介绍科举的规章制度、考生被处罚的典型事例。在陈列的文物里，只有半个巴掌大小的《四书五经》小抄令人惊叹，上面写有近20余万字。“其藏也周”陈列陶器、青铜器、玉器、瓷器、古代服饰等。西周青玉剑、西汉龙凤佩、东汉青铜摇钱树、东汉说唱俑、辽金时代镶金顶舍利佛塔、明清龙袍等都值得一看。,全年 9:00-17:00开放
潘安湖国家湿地公园,https://you.ctrip.com/sight/xuzhou230/1409776.html,4.1,(244),徐州市贾汪区潘安路,https://dimg04.c-ctrip.com/images/0102p1200083xpkt3A2D9_C_220_140.jpg,"潘安湖国家湿地公园位于徐州市区东北20多公里处，是一个由采煤塌陷区改造的湿地公园，经过数年打造，已成为国家湿地公园，4A级景区。公园内拥有大片湖面，水草丰茂，湖中坐落着一座座小岛，岛上种有各种花草树木，春天百花齐放，夏天荷花、睡莲盛开，秋季池杉红遍。这里很适合周末休闲游，沿着湖边的栈道走走，吹吹湖风、拍拍照，非常舒服。潘安湖国家湿地公园主入口在310国道上，进入后便是主岛，主岛有路与陆地相连。主岛东边为枇杷岛，西边为哈尼岛，主岛上分别有路和两者相连。主岛上面酒店、餐厅、商业街齐全。主岛拥有大假山，池杉林栈道，中心花坛、儿童乐园、小沙滩等景点及娱乐设施。也是观赏湿地公园自然景观的地点。主岛面积较大，为方便游客游览方便快捷，目前提供景区入口处至码头电瓶车接送（需另购票），另外景区内还有摇撸船，电瓶小游船，自助助力车租赁，客人可根据具体情况选择。主岛有画舫游船通往潘安水镇及鸟岛。潘安水镇上有仿古街道、仿古建筑、寺庙，是看民俗文化的地方,展现北方水镇青砖黛瓦建筑风格，又不失南方水镇的温婉娇柔，水镇商铺林立，还有古装汉风馆，可以袭一身汉服，体验一把穿越之旅。鸟岛上有小朋友喜欢的天鹅、鹦鹉、孔雀、鸵鸟、火鸡、羊驼等众多奇珍异兽。主岛池杉林为湿地保育区，每年只有10月11月开放，为游客展现池杉林秋红的魅影。池杉林保育区有池杉林栈道，吊脚楼，砖窑，四合院等景观小品。主岛上有潘安湖假日酒店，可提供住宿、餐饮、会议等服务，酒店装修典雅轻奢。潘安水镇有客栈民宿集群，以四合院的形式存在，可以定单间，也可包院，环境优美。",11/01-04/30 08:50-17:00开放;05/01-10/31 08:50-17:31开放
徐州欧乐堡童话世界,https://you.ctrip.com/sight/xuzhou230/139042160.html,3.6,(27),江苏省徐州市鼓楼区九里山东路79号徐州欧乐堡童话世界,https://dimg04.c-ctrip.com/images/1lo1x12000b9vw2p03196_C_220_140.jpg,徐州欧乐堡童话世界游览面积5000平方米（1800平方米），是由山东蓬莱八仙过海旅游集团总投资1200万元，倾心打造的一座儿童乐园，项目引入13个体验感十足的先进游乐项目。打造集主题乐园、育乐成长、艺术科普、亲子餐厅、亲子互动、未来科技于一体的亲子互动成长空间。让孩子们在富有乐趣的游玩中收获成长，收获勇气。我们始终围绕亲子空间游乐体验及亲子互动内容的升级与探索。让“亲子社交”在这里汇聚。作为欧乐堡旗下又一力作，欧乐堡童话世界以亲子生活第三空间为理念，致力于让孩子们拥有一场童话般的时间旅行，同时童话也拥有治愈人心的神奇力量，唤醒大人们心中的童话梦。充满想像的维尔塔特小镇与北欧鲜活的港口相遇，打造属于徐州亲子家庭的2023快乐密码让我们一起打开童话世界的大门，解锁新体验。,"01/01-05/30 周一-周四, 周日 09:30-17:30开放;06/03-12/31 周一-周四, 周日 09:30-17:30开放;01/01-05/30 周五-周六 09:30-20:00开放;06/03-12/31 周五-周六 09:30-20:00开放;05/31-06/02 09:30-20:30开放，开园舞：09:25（海洋接待大厅）
人鱼奇缘：10:30、12:30、14:30、16:30（水下剧场）
海洋大联欢：11:30、15:30（海洋剧场）

端午节（5.31-6.2）运营时间：
开园舞：08:55（海洋接待大厅）
人鱼奇缘：10:00,11:00,12:00,12:30,14:30,16:30（水下剧场）
海洋大联欢：11:30,15:30（海洋剧场）"
清明上河园,https://you.ctrip.com/sight/xuzhou230/145461839.html,5,(2),徐州市鼓楼区奔腾大道山南小镇-B区,https://dimg04.c-ctrip.com/images/0102612000irs2ebb0A81_C_220_140.png,徐州的清明上河园是一个以中国古代文化为主题的旅游景区，灵感来源于北宋画家张择端的名画《清明上河图》。虽然徐州并不是这幅画的直接背景地，但清明上河园通过再现古代市井生活和繁华景象，成功地吸引了众多游客前来体验传统文化的魅力。园区内的建筑大多采用木结构和青瓦屋顶，体现了古代建筑的典雅与庄重。游客漫步于园区，可以看到仿古的街道、商铺、桥梁和民居，仿佛置身于千年前的繁华都市。园区内设有多个主题展区，展示古代的商业、文化和社会生活。商铺里陈列着各式各样的传统工艺品和古代生活用品，游客可以购买到精美的手工艺品和纪念品。园区还定期举办传统手工艺展示活动，如陶艺、刺绣和木雕，让游客有机会亲身体验古代工匠的精湛技艺。,
汉兵马俑博物馆,https://you.ctrip.com/sight/xuzhou230/143867.html,4.4,(138),江苏省徐州市云龙区骆驼山街道兵马俑路1号,https://dimg04.c-ctrip.com/images/0100v12000ijhqegf39E4_C_220_140.jpg,徐州汉兵马俑博物馆是中国遗址性博物馆。汉兵马俑博物馆改扩建工程从2004年10月开始动工，博物馆面积在原有基础上增加了5000多平方米。改扩建后的博物馆不仅建筑风格具有浓郁的历史文化气息，而且增加了一个军事展厅和一个临时展厅。军事展厅有500多平方米，主要陈列一些汉代兵器、兵马俑的军阵及演变过程；临时展厅主要用来临时展览一些从外地兄弟单位引进的古代文物。狮子山兵马俑，不仅数量众多，而且种类繁多，显示出丰富的内容：有博袖长袍的官员俑、冠帻握兵器的卫士俑、执长器械的发辫俑、足登战靴和抱弩负弓的甲士俑等十余种。狮子山兵马俑既是汉代的艺术珍品，又是徐州作为军事重镇的历史见证，不仅对研究汉代雕塑艺术有极高的价值，对于研究汉代社会生活、丧葬制度、军制战阵都有着同样的价值。,全年 08:30-17:00开放
徐州开元森泊焕境乐园,https://you.ctrip.com/sight/xuzhou230/148460612.html,3.2,(6),徐州市泉山区湖西路1号,https://dimg04.c-ctrip.com/images/1lo5n12000f0r7biw2473_C_220_140.jpg,"徐州开元森泊焕境乐园作为森泊子品牌，沿袭森泊独具“自然、探索、爱”的理念，由开元旅业集团斥资打造的重要项目，作为苏北地区酒店+新型乐园项目，占地面积11600 ㎡ 以自然本身山湖风景主题风格，5大空间9大场景体验打造 "" 森泊家+乐玩 ” 玩住结合，成为全新的城市度假体验和亲子陪伴一站式消费目的地。",全年 09:00-18:00开放
乾隆行宫(和平路),https://you.ctrip.com/sight/xuzhou230/144210917.html,4.4,(5),江苏省徐州市云龙区和平路118号,https://dimg04.c-ctrip.com/images/0106012000ijy9hzoEB6C_C_220_140.jpg,乾隆行宫(和平路)位于徐州市和平路，是一座具有深厚历史底蕴的古建筑。始建于清朝乾隆年间，这座行宫曾是乾隆南巡时的驻跸之地，见证了乾隆的南巡岁月，承载着乾隆与徐州的情缘。行宫内的建筑布局严谨，雕梁画栋，富有艺术价值，吸引着众多历史爱好者和游客前来参观。游客可以漫步于行宫的庭院中，欣赏古色古香的建筑风格，感受历史的厚重。行宫内设有展览，展示了与乾隆相关的历史文物和故事，为游客提供了丰富的文化体验。此外，行宫周边交通便利，游客可以轻松抵达。参观乾隆行宫不仅是一次文化之旅，也是一次心灵的洗礼，让人们在现代都市的喧嚣中，找到一片宁静之地，感受历史的悠远与魅力。建议游客提前了解开放时间，并合理安排游览路线，以便更好地体验这一历史瑰宝。,全年 周二-周日 09:00-17:00开放;全年 周一 全天不开放
彭祖园,https://you.ctrip.com/sight/xuzhou230/116609.html,4.6,(112),江苏省徐州市泉山区泰山路21号,https://dimg04.c-ctrip.com/images/0103u12000j6fzimtC219_C_220_140.jpg,彭祖园，简称彭园，位于徐州云龙湖东边，西连云龙山，为纪念徐州的始祖彭祖所以名叫“彭祖园”。公园北部为福山，南部为寿山，山都不高，环境很好，绿树成荫，当地人常来此散步、爬山、放风筝，公园里还有徐州游乐园和徐州动物园，是孩子们的天堂。福山和寿山之间东西走向的道路贯通公园，东边通向东门，西边通向西门，在靠近西门的地方立着彭祖像，从哪一扇门进入公园都行，无特别的讲究。福山南麓有彭祖祠，可以祭拜彭祖，寿山顶有三层高的大彭阁。福山西边是秀气的不老湖，可以参观下不老湖北端的徐州名人馆，里面介绍了彭祖、徐偃王等徐州名人。带小孩的游客不妨去东门南边的徐州游乐园，里面的过山车、碰碰车等游乐设施需另外付费。还可以去公园南端的徐州动物园，需另买门票，动物园不算小而且动物也不少，还有动物表演可看。彭祖园的植被也是公园的一大亮点，梅园又名俏春园，位于彭祖园西门与动物园之间，冬天可赏梅。而有盛名的要属彭祖园的樱花，樱花林景区在公园的北端，福山北麓有中日友好友谊樱花林，规模不是很大，但不影响3月-4月花开时的美景。,全年 全天开放
户部山古建筑群,https://you.ctrip.com/sight/xuzhou230/133862.html,4.4,(172),江苏省徐州市云龙区彭城街道户部茶街1号,https://dimg04.c-ctrip.com/images/0104q120009dn7uvl60E0_C_220_140.jpg,户部山位于徐州老城南门外，是徐州城外较近的制高点。历史上黄河多次泛滥淹城．为避黄河水患，一些官绅富贾不惜重金在户部山周围择地建宅。从明末至近代的几百年间，户部山周围高宅大院密布，民居鳞次栉比。其中既有甲第官宦之家，也有富商之宅、节香门第。这些古建筑依山就势，参差错落，构思巧妙，形成了独特的建筑风格，是苏北乃至苏鲁豫皖接壤地区少有的一处古民居建筑群。户部山古民居既有北方四合院的规整划一，又有南方民居的曲折秀美。墙体多用青石与青砖，梁架用材硕大，雕梁面栋，琢刻精细。户部山周围也是活跃的商业区和苏鲁豫皖交界地区较大的货物集散地，这一带还有很多商业建筑。老盐店是旧时盐业专营时的管理机构，前半部分售盐、贮盐，后部是管理机关，有房屋上百间，是“前店后衙”的格局。此外还有很多商号院落，前面是进行贸易的店面，后边是商人居住的宅院。,全年 09:00-16:30开放
中国国家地理《探索 极致发现》科学艺术影像展,https://you.ctrip.com/sight/xuzhou230/150067749.html,5,(1),和平大道与东三环快速路交汇处(黄山垅地铁站旁)爱琴海购物中心五楼,https://dimg04.c-ctrip.com/images/0100q12000j5xuotg992B.webp,《中国国家地理》作为科学传媒一直在用影像记录、发现、传播与体验科学中国国家地理旗下的三刊《中国国家地理》《中华遗产》《博物》每一幅图片将中国大好河山呈现图片精美而震撼人心俯瞰地貌奇观，行走茂密的丛林之内，对话绿色守护者护林员。饱览山川之美、觅水之源，纵览栖息地和震撼人心世界极高峰。潜入万余米之下寂静的深海，抵达约930亿光年无垠的宇宙，聚焦肉眼不可见的微观之美，赞叹瑰丽的万物生灵，一次探索发现，刷新你对世界的认知。展览将科学与艺术完美融合。除了极具艺术性的科学影像作品，引入艺术装置和影音作品，本次展览更是公开了珍贵的科学考察资料等待观众探索。,04/03-10/19 周四-周日 全天开放;04/03-10/19 周一-周三 全天不开放，开始时间及时长以现场为准
彭城广场,https://you.ctrip.com/sight/xuzhou230/1832882.html,4.6,(29),江苏省徐州市鼓楼区中山北路2号,https://dimg04.c-ctrip.com/images/0102x120008k0ld5qCFFD_C_220_140.jpg,"彭城广场由中心广场、副广场和南广场三个部分组成。广场按""鼎""字形分割绿地，""鼎""的四只脚为伸向四方的游览道，""鼎""身用安溪红、太行红花岗岩铺装成象棋盘，象征着徐州自古为兵家必争之地。",全年 全天开放，具体营业状态以当天开放情况为准
艾山风景名胜区,https://you.ctrip.com/sight/pizhou1560/139470.html,4.4,(288),江苏省徐州市邳州市铁富镇G310与邳铁线交汇处,https://dimg04.c-ctrip.com/images/0103l12000833loip57E0_C_220_140.jpg,艾山地处苏鲁两省之界，位居苏北三大名山之列，与花果山、云龙山齐名，海拔197.2米。此山为古徐国“镇国”之山，曾铸“艾”字鼎；又传说六十年生一次神艾，当地百姓为祈祥佑福，故又称之为艾山。因九峰连属、蜿蜒曲折，如九条巨龙盘卧，又名九龙山。艾山景色旖旎醉人，集奇山秀水与禅庭胜地于一身。山上景点众多。有春秋时期的艾王城遗址，三国时期徐庶隐居的徐庶洞，唐宋时期的古战场黑风口，明清时期的奶奶庙，少林寺下院——铁佛寺、华严寺，令人震撼的大型音乐动态喷泉——九龙佛塔等人文景观。,全年 08:30-16:30开放
徐州民俗博物馆,https://you.ctrip.com/sight/xuzhou230/133847.html,4.5,(83),江苏省徐州市云龙区户部山崔家巷2号,https://dimg04.c-ctrip.com/images/0101g120008k0mmqu5B43_C_220_140.jpg,徐州民俗博物馆坐落在江苏省徐州市历史名山户部山上，依明清古民居而设，是一座以收藏、展示、研究徐州地区民俗文物及民俗文化为主的专题性博物馆。博物馆分徐州古民居展示、生产和生活展示、婚嫁和生育展示、民间艺术和工艺展示、地方戏曲和曲艺展示以及民俗、民风、民间绝活演展等六大部分。其中古民居中的鸳鸯楼建筑在全国独树一帜。馆内还设有茶艺室、棋牌室、民间工艺品小卖部，并提供传统的婚礼、寿礼、送粥米服务。,全年 09:00-17:00开放
泰山,https://you.ctrip.com/sight/xuzhou230/145367448.html,5,(3),江苏省徐州市泉山区泰山路与金山东路交叉口东北150米,https://dimg04.c-ctrip.com/images/0106t12000k9hhsgxBBEB_C_220_140.jpg,,
徐州 · 【肆笑喜剧】丨爆笑脱口秀,https://you.ctrip.com/sight/xuzhou230/149650426.html,无评分,(暂无点评),江苏省徐州市徐州市鼓楼区金地商都一期四层033商铺,https://dimg04.c-ctrip.com/images/0105z12000h45plbsA415_C_220_140.jpg,,待定，演出时间及演出时长以现场为准
壹捌夜市,https://you.ctrip.com/sight/xuzhou230/112648048.html,4.5,(2),江苏省徐州市鼓楼区黄楼街道中山北路8号,https://dimg04.c-ctrip.com/images/0100g120009yw81j73169_C_220_140.jpg,壹捌夜市位于中国江苏省徐州市鼓楼区中山北路8号，是徐州很受欢迎的夜间经济地标之一，以“烟火气”与“潮流文化”融合著称。这里汇集了各种徐州本地特色小吃，如徐州烧饼、糖芋苗、锅贴等，同时也不乏来自全国各地的美食。除了美食，夜市还有各种小商品摊位，出售服装、饰品和日用品等。夜市的布局巧妙，既保留了传统夜市的烟火气息，又融入了现代元素，为顾客提供了舒适的购物和用餐环境。此外，夜市还经常举办各种文化活动和表演，增添了更多的娱乐性和互动性。对于想要体验徐州夜生活和本地文化的游客来说，壹捌夜市是一个不容错过的目的地。,1/1-12/31 全天开放
刘邦故里文化景区,https://you.ctrip.com/sight/fengcounty3080/145366990.html,5,(1),江苏省徐州市丰县518国道赵庄镇金刘寨村汉皇祖陵内(南侧),https://dimg04.c-ctrip.com/images/0105w12000f4e9ahm081D_C_220_140.jpg,刘邦故里文化景区，坐落于江苏省徐州市丰县赵庄镇金刘寨村，是一处集汉文化体验、生态观光与根祖祈福于一体的历史文化胜地。景区以刘邦曾祖父刘清墓为核心，占地广阔，分为多个功能区，包括祖陵祭拜区、汉文化展示区等。步入景区，首先映入眼帘的是雄伟的四灵汉阙，其设计灵感源自汉代宫廷建筑，寓意深远。继续前行，可见刘邦雕像矗立于汉文化展示馆之上，气势磅礴，彰显一代帝王的风采。此外，汉皇祖陵作为景区的核心景点，承载着丰富的历史与文化内涵，是刘姓后人寻根问祖的圣地。漫步景区，游客可以深切感受到浓厚的汉文化氛围，领略历史长河的波澜壮阔。,全年 08:30-17:00开放
水下兵马俑馆,https://you.ctrip.com/sight/xuzhou230/98281800.html,4,(6),徐州市云龙区兵马俑路1号,https://dimg04.c-ctrip.com/images/0101x120008bwacwx37A6_C_220_140.jpg,水下兵马俑博物馆分为两个方形桷斗状建筑，借鉴汉代屋顶建筑形式，呈四坡面。展出的是复原的俑坑和精心修复的兵马俑。,具体开放时间请咨询景区
徐州动物园,https://you.ctrip.com/sight/xuzhou230/116593.html,4.2,(79),徐州市泉山区泰山路21-1号,https://dimg04.c-ctrip.com/images/0102912000b8ckk3e4BFB_C_220_140.jpg,徐州动物园位于徐州市彭祖园的南部，曾经是江苏省第二大动物园。动物园区占地110亩，有造型迥异，风格不同的动物笼舍30余组，动物品种81种。每逢节假日，动物园都会举办大型动物演展活动，幽默风趣的动物表演，是游人与动物相互交流的一大品牌景观。徐州动物园饲养展出的国家保护动物有：东北虎、金钱豹、棕熊、黑熊、麋鹿、小熊猫、猕猴、蜂猴、梅花鹿、马鹿、牦牛、丹顶鹤、白枕鹤、蓑羽鹤、白鹤、灰鹤、红腹锦鸡、红腹角雉、白鹇、蟒等；饲养展出国外动物有非洲狮、斑马、鸵鸟、鸸鹋等，共80余种，800余只（头）动物。还曾经租借展出过大熊猫、亚洲象、袋鼠、黑猩猩、犀牛、北极熊、长颈鹿、河马、企鹅等珍稀动物。,全年 08:00-17:30开放
徐州小桂林,https://you.ctrip.com/sight/xuzhou230/136059561.html,1,(1),江苏省徐州鼓楼区中山北路九里山高尔夫球场院内,https://dimg04.c-ctrip.com/images/1me1o12000al0ypfs7B83_C_220_140.png,徐州小桂林坐落在徐州市北区刘楼村南、簸箕山北侧，面积近10万平方米，雨季山水汇集，塘深而清澈，自然环境优美，令人流连忘返。,具体营业状态以当天开放情况为准
茱萸山滑雪场,https://you.ctrip.com/sight/xuzhou230/5701473.html,4.7,(11),江苏省徐州市贾汪区茱萸路茱萸欢乐谷旁边,https://dimg04.c-ctrip.com/images/01030120008f32lzcB114_C_220_140.jpg,茱萸山滑雪场坐落于徐州市贾汪区东部的茱萸谷度假乐园旅游 景区内，是一个集滑雪、滑雪培训以及戏雪活动于一体的综合性冰雪 娱乐场所。该滑雪场拥有广阔的面积和完善的设施，覆盖面积超过8 万平方米。2024年，滑雪道将全面升级，设计理念是：舒适更安全 的让你爱上滑雪。单双板滑雪技能不同，愿每位朋友能更加安全、舒 适的体验滑雪，滑雪场将单双滑雪道区分开。设有4条滑雪道和1 条雪圈道，以及一座戏雪公园。每条滑雪道的长度均为240米，落差可达30米。其中包括1条专为单板滑雪者设计的滑雪道，1条 单板公园，1条专为双板滑雪者设计的滑雪道，以及1条双板滑雪教 学道。单板滑雪道宽度60米，双板滑雪道32米-36米。 为了吸引更多家庭和初学者，茱萸山滑雪场特别开辟了10000平 方米的亲子嬉雪区，设有两条100米的雪圈道，让小朋友们也能在雪 地中尽情玩耍。滑雪场还提供了1200套双板雪具，800套单板雪具， 专业滑雪服1000套，滑雪护具800套，确保每位游客都能装备齐全， 享受滑雪的乐趣，更加安全的体验滑雪。专业教练与教学服务：茱萸谷滑雪场配备了专业的教练团队，为 所有来到茱萸山的游客们提供细致的教学服务，帮助游客快速掌握滑 雪技巧，爱上滑雪。滑雪教学宗旨：在茱萸山，若未能学会滑雪，我 们将全额退还您的教学费及滑雪费用。在茱萸山扎实掌握滑雪基础 技能后，您将能够在国内的大型滑雪场中级道上尽情享受滑雪带来的 乐趣。2024 年，茱萸山滑雪场大厅将迎来全面升级。滑雪场将摒弃传 统的入场领取器材流程，打造提供人性化智能便捷服务的 场所。我们以诚信和真诚待客，取消了押金制度。诚邀您来体验这滑雪乐趣。此外，我们新增了美食区、咖啡区、热饮室以 及商业区，并配备了完善的洗浴设施。升级后的滑雪场将专注于提供 舒适、高品质、安全的滑雪环境，致力于让每一位游客都能爱上滑 雪这项运动,12/20-02/28 09:00-21:00开放;03/01-12/19 全天不开放
徐州督公山滑雪乐园,https://you.ctrip.com/sight/xuzhou230/1494077.html,4.3,(136),江苏省徐州市贾汪区徐州东城绕越高速督公湖风景区内,https://dimg04.c-ctrip.com/images/100510000000pz8075D90_C_220_140.jpg,督公山滑雪乐园，位于徐州市贾汪区督公湖风景区内翠林掩映的的督公山上。雪场总面积8万平方米，拥有国内外先进的造雪机、轧雪机等造雪设备及魔毯、拖牵索道等交通设施和3000平方米的游客服务大厅。雪场中，设置了适应不同类型人群的练习道、初级道、中级道、雪圈道及较高难度的波浪雪道。成为徐州及周边地区人们冬季观赏雪景、旅游体验、强体健身、释放激情的理想之地。督公山滑雪乐园：投资5000万元兴建的督公山滑雪乐园和督公山漂流项目，其滑雪乐园主体建设项目已趋完成，拟于2014年1月4日开业迎宾。这将是献给徐州人民的一份新年贺礼。督公山滑雪乐园位于贾汪区督公湖风景区内的督公山上，由河南乐途旅游投资有限公司投资建设。雪场总面积8万平方米，拥有国内外先进的造雪机、轧雪机等造雪设备及魔毯、拖牵索道等交通设施和3000平方米的游客服务大厅。雪场中，设置了适应不同类型人群的练习道、初级道、中级道、雪圈道及较高难度的波浪雪道。成为徐州及周边地区人们冬季观赏雪景、旅游体验、强体健身的理想之地。,12/20-03/02 08:00-17:00开放;03/03-06/08 全天不开放;06/09-10/07 08:00-17:00开放;10/08-12/19 全天不开放
墨上集·拾光影城,https://you.ctrip.com/sight/xuzhou230/5718333.html,3.8,(10),江苏省徐州市贾汪区龙山路与山水大道交汇处北墨上集,https://dimg04.c-ctrip.com/images/0100f12000f6rqo96B01A_C_220_140.jpg,墨上集·拾光影城坐落于贾汪区茱萸山街道，占地面积约120亩，建筑面积约2万平方米，是集民俗非遗、休闲观光、体验互动、影视拍摄、特色美食为一体的综合性文旅街区。拾光影城实景打造“老城印记、明清市集、民国往事、异域风情”四大主题街区，以广博的历史文化为依托，以逼真的景致陈列为载体，将时光各异、场景不同的景区汇聚成一座“微影城”，与影视公司合作量身打造专属IP，用富有时代烙印和地域特色的精彩演艺，再现岁月洪流中的人间万象，为游客提供沉浸式游乐体验。,01/08-01/28 09:00-18:00开放;02/04-04/30 09:00-18:00开放;05/06-12/31 09:00-18:00开放;01/29-02/03 09:00-20:00开放;05/01-05/05 09:00-20:00开放
徐州启迪乔波冰雪世界,https://you.ctrip.com/sight/xuzhou230/134112323.html,4.5,(10),江苏省徐州市云龙区翠屏山街道和平大道118号万科新淮中心F1,https://dimg04.c-ctrip.com/images/0EQ6n12000dlry2aw1DF1_C_220_140.jpg,徐州启迪乔波滑雪场雪场布景以远古冰河世纪时期的地球原貌为主题，可切身感受冰河时代山川河流的秀美和壮丽。雪场内冰河时代体验区，可供孩子们了解冰河时代演变历程、游乐、拍照等互动体验。,全年 周一-周四 10:00-18:00开放;全年 周五-周日 10:00-20:00开放
点石园石刻艺术馆,https://you.ctrip.com/sight/xuzhou230/3149685.html,4.6,(27),徐州市鼓楼区襄王北路3号,https://dimg04.c-ctrip.com/images/1003190000017a94g8F96_C_220_140.jpg,点石园石刻艺术馆是集砖雕、木雕为一体的展馆。,5/1-9/30 08:30-17:30开放;10/1-4/30 08:30-17:00开放
徐州吕梁风景区,https://you.ctrip.com/sight/xuzhou230/69200367.html,4.6,(5),徐州市铜山区X309,https://dimg04.c-ctrip.com/images/0101c12000ihyzhfr4EFE_C_220_140.jpg,徐州吕梁风景区是一处以自然山水和文化遗迹为特色的综合性景区，位于徐州市的西南部。这里以其秀丽的山川、丰富的植被和悠久的历史文化吸引着众多游客，是休闲度假和文化探索的理想目的地。景区内的吕梁山以其连绵起伏的山势和清新的空气而闻名，是徒步旅行者和自然爱好者的乐园。沿着山间步道，游客可以欣赏到四季变幻的自然景观，春天的花海、夏日的绿荫、秋季的红叶和冬天的雪景，各具特色。山顶的观景台提供了俯瞰全景的机会，让人感受到大自然的广阔与宁静。除了自然风光，吕梁风景区还拥有丰富的历史文化资源。景区内的古迹和遗址展示了当地的历史变迁和文化底蕴，为游客提供了探索历史的机会。定期举办的文化活动和展览，更是为游客提供了深入了解当地文化的途径。无论是寻求自然宁静的游客，还是对历史文化感兴趣的旅行者，徐州吕梁风景区都能提供一段充实而愉悦的旅程，是体验自然之美与文化魅力的理想之地。,全年 全天开放
徐州轮胎乐园,https://you.ctrip.com/sight/xuzhou230/5622366.html,4.8,(22),徐州市铜山区汉王镇纪信路轮胎乐园（月亮湾马术俱乐部隔壁）,https://dimg04.c-ctrip.com/images/350n1700000120paa279D_C_220_140.jpg,徐州轮胎乐园是集创意、休闲、娱乐、运动、学习为一体的综合型休闲旅游景区，以火车为特色，将小农夫乐园、迷你农场、亲子小动物园等融入主题，是个适合亲子活动的景区。,全年 周一-周五 09:00-17:00开放;全年 周六-周日 09:00-17:30开放
徐州园博园涵田度假村温泉,https://you.ctrip.com/sight/xuzhou230/135462203.html,4,(8),江苏省徐州市铜山区309县道崔贺庄水库管理所隔壁（吕梁风景区内）,https://dimg04.c-ctrip.com/images/0EQ5712000db5bqkyDB73_C_220_140.jpg,徐州园博园涵田度假村·温泉酒店在园博园惊艳启幕！泗水是古代著名河流，流经徐州东南吕城，因受两侧山地所限，河道狭窄，形成了吕梁洪急流。泗水至吕城，积石为梁，故称吕梁。特殊的地质构造，并经过时间空间的演变，形成涵田·温泉酒店现有的，优质稀有的天然温泉水——碳酸石盐泉。﻿,07/05-12/31 周五-周六 12:00-23:22开放;07/05-12/31 周日 10:00-21:00开放;07/05-12/31 周一-周四 全天不开放;06/10-07/04 周六 10:00-22:00开放;06/10-07/04 周日 10:00-20:00开放;06/10-07/04 周一-周五 全天不开放
小南湖,https://you.ctrip.com/sight/xuzhou230/1834585.html,4.8,(98),江苏省徐州市泉山区金山南路徐州云龙湖风景区内,https://dimg04.c-ctrip.com/images/0101c1200067smopm3D38_C_220_140.jpg,小南湖景区规划总面积1.661平方公里，其中水域面积0.962平方公里。小南湖景区布局呈“W”上有一横的形状。一横为湖南路，“W”中间的空白部位为小南湖的水面，景区内有一池二岛、三轩五园。其中一池：即小南湖水面通过两座长桥与主湖相通，形成相对独立的一片有园林建筑的幽静池塘；二岛：指从湖南路、湖南岸的南北两个方向伸向湖中的岛、两岛相望，水面相连，岛与岸之间以景观桥相连，造成小南湖多变的地形，也使每一条陆地、水面的游览线路都有移步换景的效果；三轩五园：指这里的园林古典式建筑，有亭、园、院、榭、台、轩、阁，以及桥、堤等。整个小南湖景区水面精巧、环湖布景，以“江南园林”特色的会馆艺苑、水乡人家、小桥流水、名苑流香、荷塘鱼藕为主体景观，形成“静湖幽园”的中国古典人文及自然景观特色。,全年 全天开放
徐州蟠桃山佛教文化景区,https://you.ctrip.com/sight/xuzhou230/70520.html,4.6,(163),鼓楼区经济技术开发区宝莲寺路5号,https://dimg04.c-ctrip.com/images/0101i12000f6sgevj6B80_C_220_140.jpg,蟠桃山佛教文化景区，当地人称宝莲寺，位于徐州东郊，始建于南北朝时期，宝莲寺外观恢弘大气，内部装修金碧辉煌，游人不多，可以烧香祈福。景区的大门在南端，主体建筑沿南北走向的中轴线排布，钟楼、鼓楼分布在寺门两侧。由南边的宝莲寺路步入。继续往北，就来到了寺庙的主体部分。在大雄宝殿“七佛殿”里可以看到长37.5米的童子拜观音壁画，非常精美。中轴线北端的通天阁内，供奉高39.88米的弥勒铜像，宏伟壮观。寺庙的其他房间有供奉法显和尚的祖师殿、供奉关羽的伽蓝殿、地藏殿、观音殿、文殊殿、普贤殿、藏经阁等。如果要细细游览寺庙，那么还可以留意下各建筑上的楹联匾额，多为国内书法名家作品。景区内提供斋饭吃，需另外付费。,全年 07:00-17:00开放
沛县汉城景区,https://you.ctrip.com/sight/peicounty3075/17381.html,4.3,(104),汉城南路1号,https://dimg04.c-ctrip.com/images/100s1f000001gx7pqDE3F_C_220_140.jpg,汉城景区距离沛县汽车站仅10分钟步行路程，包括汉街、汉高祖原庙、歌风台（沛县博物馆）、汉城公园，建有不少仿汉建筑，乍一眼看上去颇有气势，细看却缺精致，与其说是领略汉文化的地方，倒更是散步、休闲的好地方。汉街是商业街，被各色店铺、餐馆、KTV占据，都建成汉代建筑的模样，整个沛县热闹的地带就在这里。汉街南部的汉高祖原庙很小，只有一座大殿“乐沛殿”，大殿塑高祖刘邦镏金巨像，两侧配有两汉24帝画像，院中青松翠柏，立有唐代柳宗元的“汉高祖原庙铭”碑。汉高祖原庙斜对面是歌风台，歌风台内部为沛县博物馆，陈列着西汉早期画像石、西汉彩绘陶俑等不多的展品。歌风台的亮点在于它是汉城景区的至高点，登上顶层，俯看成片仿汉建筑，依稀能想象“大风起兮云飞扬”的气魄。汉街的南端到汤沐路为止，汤沐路南侧为汉城公园。汉宫区是公园的核心景区，汉魂宫是汉宫区主体建筑，一层四周镶嵌青石浮雕，镌刻汉画像石图案；二层为“刘邦坐殿”，蜡塑群像栩栩如生；三层绘有《刘邦车马出行图》。此外公园中有宽阔的湖面，夕阳西下时，绕着湖散散步，景色不错。,全年 08:30-17:00开放，具体营业状态以当天开放情况为准
徐州百乐汤汗蒸汤泉,https://you.ctrip.com/sight/xuzhou230/134384722.html,5,(4),江苏省徐州市鼓楼区环城路63号和信广场三期G座B1层商铺,https://dimg04.c-ctrip.com/images/01018120009pkwe1kD8C4_C_220_140.jpg,徐州厚塘汤泉坐落于鼓楼区黄楼街道办事处复兴北路和信广场三期G座B1层，地理位置优越，交通便利。汤泉汇集了温泉沐浴、韩式汗蒸、窑洞、电影院、书吧、电玩、网咖、多功能休息大厅、童嬉园、水上乐园、健身房等，让每一位来宾各取所需、各得其乐。无论在炎炎夏日、还是萧瑟的寒冬，无论是独自休闲、还是好友小聚、家庭亲子、情侣浪漫，厚塘汤泉都是您放松身心、享受健康生活的好去处。欢迎“来厚塘汤泉养生，悠享健康生活”。以健康沐浴为新的使命倾力打造！带动现代人休闲生活的新方式，高品质而非高消费。,全年 全天开放
徐州金龙湖风景区,https://you.ctrip.com/sight/xuzhou230/116640.html,4.9,(95),江苏省徐州经济开发区龙湖西路与龙湖南路交叉口东北角,https://dimg04.c-ctrip.com/images/01059120008k0n7d996FF_C_220_140.jpg,"金龙湖风景区位于徐州市区东部，景区不大，但景色优美，风光旎丽，游人如潮，络绎不绝，也是消夏避暑休闲的仙境之地。金龙湖景观常年水深4.5米-7.5米，分春夏秋冬四景区，十二景园、一岛一堤、三广场,沿环湖大道可形成3.7公里的滨湖生态景观带。金龙湖的景观塑造着力对其自然微地形和人工地形融合产生的空间关系进行雕塑和雕琢，使之成为架构在传统园林空间关系上的现代景观设计，展现其独特性的同时又具有自然之美。在水系、地形、植被、园林建筑以及主要场地形式的风格和主体景观构成方面，做到很好的统一。",全年 全天开放
沛县博物馆,https://you.ctrip.com/sight/peicounty3075/5702898.html,4.9,(10),江苏省徐州市沛县汉邦路7号,https://dimg04.c-ctrip.com/images/0100s12000f6tifc1AD45_C_220_140.jpg,沛县博物馆有四层，首层大厅矗立着刘邦的雕像，馆内收藏有石器，玉器，铜器等文物。,1/1-12/31 08:30-17:00开放
徐州汉画像石馆,https://you.ctrip.com/sight/xuzhou230/17380.html,4.7,(91),江苏省徐州市泉山区云龙湖东路5-1号,https://dimg04.c-ctrip.com/images/0100p120008k0mzki07EB_C_220_140.jpg,徐州汉画像石艺术馆位于云龙湖东岸，分南馆和北馆两个馆。南馆是新馆，靠近云龙山索道下站，具有现代化的外观；北馆是旧馆，外观仿唐宋建筑。汉画像石是汉代地下墓室、墓地祠堂、墓阙和庙阙等建筑上的画像石刻，南馆和北馆中展出了数百件汉画像石，刻画手法古朴浑厚，内容涉及神话传说、历史故事、现实生活等方方面面，一定会让人文爱好者大呼“过瘾”。北馆（旧馆）展出的主要是清代末年至1989年的汉画像石，这些汉画像石镶嵌在长廊和7个展室内。其中第一展室的炎、黄帝升仙图，第二展室内目前发现的汉画像石中时代早的西王母图象，第三展室的纺织图，第四展室的迎宾宴饮图，第五展室的泗水捞鼎图，第七展室内在历史课本上出现过的牛耕图等，都是不容错过的精品。南馆（新馆）展出的是1900年后新收藏的汉画像石，分六大部分。“神道天路”展出的是陵墓神道两边的石刻，“承天敬祖”展出祠堂石刻，“天工神韵”指具有艺术性、构图上有创意的汉画像石，“汉石春秋”展出的汉画像石内容再现了汉代社会生活的各个方面，“千秋地宫”展出的是墓地里的石刻，“碑刻题记”展出的是徐州出土的汉代刻字石碑。如果你对汉画像石感兴趣，在艺术馆的汉画商店里可以买到汉画像石拓片，以留作纪念，拓片较贵，至少两、三百元。,"全年 周二-周日 09:00-17:00开放;全年 周一 全天不开放;元旦节,春节,清明节,劳动节,端午节,中秋节,国庆节 09:00-17:00开放"
徐州水族展览馆,https://you.ctrip.com/sight/xuzhou230/70220.html,4.4,(119),江苏省徐州市泉山区湖中路1号,https://dimg04.c-ctrip.com/images/10090p000000fl1691C4F_C_220_140.jpg,“云龙湖水上世界”座落在风景如画的云龙湖湖心岛上，它造型奇特，象长鲸击水，又似白豚卧波，洋溢着现代建筑雕塑的艺术气息。艳阳下，在四周山色、万顷碧波的映衬中，显得格外秀美。夜幕渐垂，华灯齐放，则变得晶莹剔透、夺目耀眼，在云龙湖的夜色中闪烁生辉。水上世界建筑造型成为北京人民大会堂中央厅二楼“锦绣中华”紫砂浮雕，为全国仅收录的五个现代建筑造型之一。新改造的水族馆分为近海奇观区、互动的多媒体区、淡水生态区、热带雨林区、神秘文化区、珍稀鱼类区、海底隧道区、4D动感影院八个主题区。,全年 09:00-17:00开放
兴化禅寺,https://you.ctrip.com/sight/xuzhou230/133879.html,4.4,(26),徐州市泉山区云东一道街32号,https://dimg04.c-ctrip.com/images/0102i120008k0mw8gCE29_C_220_140.jpg,兴化禅寺，位于江苏徐州城南风景区云龙山东麓，为佛教禅宗寺院，1390年明洪武年间，缘大石佛始建，香火悠久，成为苏北佛教一大丛林。兴化禅寺内供奉的阿弥陀佛大石佛，始凿北魏政平(450年)年间，距今已有1500余年历史。石佛依山石而凿，高约三丈六尺(11.52米)，初为一露天佛首，清康熙年间，续刻两臂及胸。覆盖大石佛的殿堂始建于明代，顺山崖而造，殿堂后壁檐下仅有三层砖垒叠，故有三砖殿覆三丈佛之称，成为禅林奇观。兴化禅寺内现仍有明代建筑的钟鼓楼、祖堂、藏经楼和一口重约三吨的铁钟等等。兴化禅寺在1993年6月，新建大雄宝殿时，发掘出深埋地下的唐宋时期佛教摩崖造像，共七组195尊，并建造保护室，供游人观瞻，中国佛教协会会长赵朴初先生为之题写“唐宋摩崖石刻造像”。1995年，江苏省人民政府列为省级文物保护单位。唐宋摩崖石刻保护室顶层，是新建的大雄宝殿，殿堂飞檐斗拱，翘角凌空，金饰彩绘，气势恢宏。殿内供奉横三世佛，左药师、右弥陀、佛祖释迦居中，庄严肃穆，慈悯安详。兴化禅寺占地面积约7000平方米，建筑面积1982平方米，解放以来几经修葺，既保持了明代建筑古貌，又焕然一新，在苍松以柏的掩映下，曲经回廊，竹林花木，幽雅清静，尤入仙境。僧众和合，以戒为师，晨钟暮鼓，古刹生辉。现又为徐州市佛教协会办公地址。,全年 08:00-17:00开放;全年 08:00-16:30开放
徐州城下城遗址博物馆,https://you.ctrip.com/sight/xuzhou230/134718335.html,无评分,(暂无点评),江苏省徐州市鼓楼区中山北路彭城广场地下,https://dimg04.c-ctrip.com/images/01069120009yzdoas9111_C_220_140.jpg,徐州地下城遗址博物馆是一座汉文化特色博物馆，在这里人们可以充分领略两汉文化。,全年 周二-周日 10:00-21:00开放，每周一闭馆（法定节假日除）。
歌风台,https://you.ctrip.com/sight/peicounty3075/141113.html,4,(66),徐州市沛县汉街沛县汉城景区,https://dimg04.c-ctrip.com/images/01028120009dh467h38E6_C_220_140.jpg,歌风台为纪念汉高祖刘邦衣锦还乡，所著《大风歌》而兴建，位于徐州市沛县县城中心汉城公园内。为“沛县古八景”之一，也是现今重要观光旅游景点之一。82年被江苏省人民政府列为重点文物保护单位。 公元前 196 年，汉高祖刘邦平定叛乱的淮南王英布，还归故里，置酒沛宫，邀家乡父老欢宴，把酒话旧，感慨万千酒酣兴起，这位马上归来的开国皇帝、布衣英雄击筑高歌：“大风起兮云飞扬，威加海内兮归故乡，安得猛士兮守四方！”。履毁履建，具体可参阅本词条和《沛县志》及相关资料。《大风歌》刘邦“歌毕泣数行下”。一百二十名少年和而歌之，群情为之激昂，这就是文学史上著名的《大风歌》。此歌只有三句，却字字金石，掷地有声，其 奋发有为之志，悲壮豪放，建功立业之心，气势磅礴，安邦优国之虑，凝重深切。可谓壮怀激烈，感人肺腑！大风歌碑大风歌碑共存三块。一块汉碑，高一丈一尺，宽四尺四寸。字体浑圆虬劲，结构匀称优美。据《沛县志》和《徐州府志》记载，为东汉蔡邕或曹喜所书。今人冯亦吾先生考证为西汉沛人文学家爱礼所书。诸说不一，但都认为是我国的书法珍品。汉碑公存在大半部，约为原碑四分之三，石质坚细，虽历两千年风雨剥蚀，文字仍清晰可辨。元碑系元代大德年间摹刻，字迹清晰神似，足可乱真，元碑阴有说明文字，资料珍贵，可资研究者考用。第三块又称甲子碑，是沛县人民政府于 1984年（甲子年）请书法字按原碑的规模又摹刻的。1982年2月，江苏省人民政府将歌风台、大风歌碑公布为省级重点保护文物。歌风台原在古县城东南，历经沧桑，屡迁屡建。今天的歌风台，建筑面积 12600平方米，建筑总高26.8米，是汉城建筑群的制高点，壮阔雄伟，在全国同类建筑中堪称首位. 重点文物1982年2月，江苏省人民政府将歌风台、大风歌碑公布为省级重点保护文物歌风台原在古县城东南，历经沧桑，屡迁屡建。今天的歌风台，建筑面积 12600平方米，建筑总高26.8米，是汉城建筑群的制高点，壮阔雄伟，在全国同类建筑中堪称首位.。,全年 06:30-17:30开放;全年 18:30-22:00开放
通天阁,https://you.ctrip.com/sight/xuzhou230/145119325.html,5,(1),宝莲寺路5号宝莲寺内,https://dimg04.c-ctrip.com/images/0103x12000dw9iu0e8A8A_C_220_140.jpg,,
东兴街夜市(万达广场徐州云龙店),https://you.ctrip.com/sight/xuzhou230/136632709.html,无评分,(暂无点评),江苏省徐州市云龙区和平大道58号万达广场F1,https://dimg04.c-ctrip.com/images/0103w12000cd7bjbg6264_C_220_140.jpg,这里汇聚了各种各样的小吃摊贩，提供了各种地方特色美食和小吃。,全年 12:00-23:00开放
徐州之夜,https://you.ctrip.com/sight/xuzhou230/145278496.html,无评分,(暂无点评),徐州市贾汪区湖西路与乌金路交叉路口往南约260米,https://dimg04.c-ctrip.com/images/0106k12000eosiwwm39FB_C_220_140.jpg,,
老东门今雨天地街区,https://you.ctrip.com/sight/xuzhou230/144110.html,4.1,(54),江苏省徐州市云龙区淮海东路104号,https://dimg04.c-ctrip.com/images/0102r120009ym1srx2B7C_C_220_140.jpg,徐州老东门位于淮海东路104号，解放前是国民军军部，后成为驻徐某集团军军部。城墙遗址、碉堡、军部大门、民国礼堂……徐州老东门留下的文化符号复合了上世纪不同时期、不同风格的建筑。红砖青瓦，鱼鳞松、香樟树、法国梧桐，绿树成荫，彭城徐州近现代的“历史符号”藏于其中，军部的哨岗亭依然保存完好。多数建筑是解放前，少数建筑史解放后新建的。在徐州打造东部CBD时老东门成为发展“月光经济”的中心区之一，打造徐州的“APM24”时尚街区成为徐州东大门的主要任务。东大门作为“开放式的博物馆”，重现民国风韵和海派文化，同时要配合淮海东路CBD的整体风貌。,具体营业状态以当天开放情况为准
户部山步行街,https://you.ctrip.com/sight/xuzhou230/5168315.html,4,(4),云龙区,https://dimg04.c-ctrip.com/images/0103l12000f6u6lxx28A1_C_220_140.jpg,户部山是官宦之家和富贾豪门争相趋居之地，是徐州文化的缩影。步行街内有大批的历史遗迹和古建筑群，戏马台、民俗馆、状元府等景点，很值得游览参观。,具体营业状态以当天开放情况为准
徐州文庙东方街区-鼓楼,https://you.ctrip.com/sight/xuzhou230/148863834.html,5,(1),江苏省徐州市鼓楼区文庙街区(彭城广场地铁站18号口步行100米),https://dimg04.c-ctrip.com/images/1me4l12000fh0heoxB149_C_220_140.jpg,,
大运河,https://you.ctrip.com/sight/pizhou1560/141190.html,4.8,(88),徐州市邳州市京杭运河(沿河路南200米),https://dimg04.c-ctrip.com/images/0101512000f6ppoczCDEC_C_220_140.jpg,京杭运河邳州段沿线水面宽阔、鱼虾丰富、环境优美，两岸植被茂盛，景色怡人。沿途历史文化古迹众多。运河流域共有古迹遗址及文物点116处，其中有名的有6000多年前的大墩子遗址、新石器时期大汶口文化系统的刘林遗址、春秋时期的梁王城遗址以及战国时期的九女墩古墓群。运河沿线还蕴藏着大量的古生物化石，1988年考古学家在这里发掘的一对古象牙，距今已有40万年，是亚洲纳玛象象牙化石。此外，从这些遗址中还出土了一万多件精美的彩陶铜器、玉器、陶器等文物。溯水而上，沿途可以看到几座造型各异的大桥，与千年古运河交相辉映，形成崭新的人文景观。陇海铁路桥像一个钢铁巨人屹立在河面上，电影《大决战》、《车轮滚滚》里的一些精彩的镜头就是在这里取的景。,全年 全天开放，具体开放时间以景区现场公示为准。
徐州方特水上乐园,https://you.ctrip.com/sight/xuzhou230/148858181.html,4.8,(5),徐州市铜山区方特大道1号,https://dimg04.c-ctrip.com/images/1lo7112000f6te8xj39B8_C_220_140.jpg,徐州方特水上乐园是依托华强方特前沿技术和丰富运营经验，结合“熊出没”IP元素打造的一座沉浸式水上娱乐胜地。乐园拥有《飓风湾》《飞跃河谷》《彩虹滑道》《翻江倒海》《大喇叭》《熊出没水寨》等18个特色水上项目、多项主题造景，还有众多精彩的水上表演和互动活动，为您带来清凉酷爽的合家欢游乐体验。丰富多彩的水上娱乐项目，清新舒适的游乐环境，高品质的配套设施，贴心的服务体验，夏日炎炎，来徐州方特水上乐园，欢乐清凉一夏！,06/03-06/27 10:00-17:00开放;06/28-07/31 10:00-21:00开放
苏轼纪念馆,https://you.ctrip.com/sight/xuzhou230/136246361.html,5,(1),江苏省徐州市泉山区珠山东路云龙湖旅游景区苏公岛,https://dimg04.c-ctrip.com/images/0103612000bowywcl116A_C_220_140.jpg,苏轼纪念馆位于云龙湖景区小南湖苏公岛内，主体建筑为一院四厅，主要展示了苏轼任徐州知州期间理政业绩、文化业绩、家风家训等。,全年 09:00-17:30开放，具体营业状态以当天开放情况为准
邳州银杏时光隧道景区,https://you.ctrip.com/sight/pizhou1560/1788011.html,4.6,(50),江苏省徐州市邳州市G310与铁铁线交叉口西南侧800米,https://dimg04.c-ctrip.com/images/0102d120008e2dze30B35_C_220_140.jpg,银杏时光隧道长约3公里，道路两侧的银杏枝繁叶茂，树冠相交像一条隧道，一年四季皆可观赏。特别是每年秋冬季，隧道一片绚烂金黄，地上铺满落叶，许多摄影爱好者拿着长枪短炮前来取景。银杏时光隧道较好观赏时间是11月上中旬，观赏点在道路的南北两头或中间地段，可以用长焦拍出大景深。,
徐州大龙湖风景区,https://you.ctrip.com/sight/xuzhou230/133832.html,4.9,(88),江苏省徐州市云龙区环湖路(大龙湖地铁站旁),https://dimg04.c-ctrip.com/images/0103a120008k0o7xg7509_C_220_140.jpg,大龙湖及顺堤河景观带位于徐州新区起步区的中间地带，西邻拖龙山，南临迎宾大道，东及东南方向为徐州新城主要发展区。玉碧公共活动区和玉璜文化展示区位于湖区北片区，占地30余公顷。景区以自然为主题，营造休闲、健身、游憩与文化交流四项功能整合的大型城市滨水绿地。三个岛以不同的手法展现一种“湖中有岛，岛中有湖”的意境。大龙湖景区是新城区的自然氧吧和重要的旅游休闲场所。,全年 全天开放
